Timestamp,Age,Income,Criminal Record,Release Date,Paid,Payment Date,Status,Comment
2025-04-05T08:22:06.199045,12,9999999999,False,,True,2025-04-05,Loan Denied,- Do your parents know you're making financial decisions?
2025-04-05T08:22:35.013636,30,900,False,,True,2025-04-05,Loan Denied,"- This isn't a charity, buddy."
2025-04-05T08:51:20.625260,30,900,False,,True,2025-04-05,Loan Denied,"- This isn't a charity, buddy."
2025-04-05T08:52:25.109761,30,900,False,,True,2025-04-05,Loan Denied,"- This isn't a charity, buddy."
2025-04-05T08:52:28.730808,30,900,False,,True,2025-04-05,Loan Denied,"- This isn't a charity, buddy."
2025-04-05T08:52:39.629437,30,900,False,,True,2025-04-05,Loan Denied,"- This isn't a charity, buddy."
2025-04-05T08:57:00.543355,30,900,False,,True,2025-04-05,Loan Denied,"- This isn't a charity, buddy."
2025-04-05T08:59:28.186002,30,900,False,,True,2025-04-05,Loan Denied,"- This isn't a charity, buddy."
2025-04-05T09:00:15.362256,30,900,False,,True,2025-04-05,Loan Denied,"- This isn't a charity, buddy."
2025-04-05T09:01:41.731097,99,99999999999999,False,,True,2025-04-05,Approved,"- You probably have a yacht, but we're still not impressed."
2025-04-05T09:05:14.987069,999,99999999999,False,,True,2025-04-05,Approved,"- You probably have a yacht, but we're still not impressed."
2025-04-05T09:23:48.539336,999,999999999,False,,True,2025-04-05,Approved,"- You probably have a yacht, but we're still not impressed."
2025-04-05T09:24:28.999359,9999999999999999,10000,False,,True,2025-04-04,Pending,- Late Fees Applied! Better late than never... but it'll cost you.
2025-04-05T09:24:47.298667,9999999999999999,100000,False,,True,2025-04-05,Approved,"- You probably have a yacht, but we're still not impressed."
2025-04-05T10:03:16.527427,9999999,10000,False,,True,2025-04-05,Approved,"- You probably have a yacht, but we're still not impressed."
2025-04-05T10:03:39.372365,9999999,10000,False,,True,2025-04-05,Approved,"- You probably have a yacht, but we're still not impressed."
2025-04-05T10:03:57.279280,9999999999,99999999999,False,,True,2025-04-04,Pending,- Late Fees Applied! Better late than never... but it'll cost you.
2025-04-05T10:04:13.178548,9999999999,99999999999,False,,True,2025-04-05,Approved,"- You probably have a yacht, but we're still not impressed."
2025-04-05T10:04:34.463453,9999999999,99999999999,False,,True,2025-04-05,Approved,"- You probably have a yacht, but we're still not impressed."
2025-04-05T10:04:46.957900,9999999999,9999999999,False,,True,2025-04-04,Pending,- Late Fees Applied! Better late than never... but it'll cost you.
2025-04-05T10:05:05.609720,231312313132,43243243243,False,,True,2025-04-05,Approved,"- You probably have a yacht, but we're still not impressed."
2025-04-05T10:06:02.739581,99999,100,False,,True,2025-04-04,Loan Denied,"- This isn't a charity, buddy."
2025-04-05T10:06:22.385528,90000000,900000,False,,True,2025-04-05,Approved,"- You probably have a yacht, but we're still not impressed."
2025-04-05T10:09:54.921314,90000000,900000,False,,True,2025-04-05,Pending,"- 90000000? Vampires again? No. Look, if our security cameras can't see you, we don't lend to vampires. They're night owls, and our office closes at 5. Anyway: denied!"
2025-04-05T10:10:02.268070,90000000,900000,False,,True,2025-04-05,Pending,"- 90000000? Vampires again? No. Look, if our security cameras can't see you, we don't lend to vampires. They're night owls, and our office closes at 5. Anyway: denied!"
2025-04-05T10:10:19.588154,10,456745679,False,,True,2025-04-05,Loan Denied,- 10? Do your parents know you're making financial decisions?
2025-04-05T10:10:37.334468,10,456745679,False,,True,2025-04-05,Loan Denied,- 10 years old ? Do your parents know you're making financial decisions?
2025-04-05T10:10:59.458575,10,2372378913789712893,False,,True,2025-04-05,Loan Denied,- 10 years old ? Do your parents know you're making financial decisions?
2025-04-05T10:11:24.280289,9999999999,99999999999,False,,True,2025-04-04,Pending,"- 9999999999? Vampires again? No. Look, if our security cameras can't see you, we don't lend to vampires. They're night owls, and our office closes at 5. Anyway: denied!"
2025-04-05T10:11:55.241041,9999999999,99999999999,False,,True,2025-04-04,Pending,"- 9999999999? wai... Vampires again? No. Look, if our security cameras can't see you, we don't lend to vampires. They're night owls, and our office closes at 5. Anyway: denied!"
2025-04-05T10:12:10.243949,999999999,999999999,False,,True,2025-04-04,Pending,"- 999999999? wai... Vampires again? No. Look, if our security cameras can't see you, we don't lend to vampires. They're night owls, and our office closes at 5. Anyway: denied!"
2025-04-05T10:12:20.642443,999999999,999999999,False,,True,2025-04-04,Pending,"- 999999999? wait.. . Vampires again? No. Look, if our security cameras can't see you, we don't lend to vampires. They're night owls, and our office closes at 5. Anyway: denied!"
2025-04-05T10:12:41.246352,999,10,False,,True,2025-04-04,Loan Denied,"- This isn't a charity, buddy."
2025-04-05T10:13:16.802776,1111111111,10,False,,True,2025-04-04,Loan Denied,"- This isn't a charity, buddy."
2025-04-05T10:13:32.473220,111111111,237837983729371873189,False,,True,2025-04-04,Pending,"- 111111111 years old? wait.. . Vampires again? No. Look, if our security cameras can't see you, we don't lend to vampires. They're night owls, and our office closes at 5. Anyway: denied!"
2025-04-05T10:14:07.207726,111111111,237837983729371873189,False,,True,2025-04-04,Pending,"Wait.. . 111111111 years old? Vampires again? No. Look, if our security cameras can't see you, we don't lend to vampires. They're night owls, and our office closes at 5. Anyway: denied!"
2025-04-05T10:14:25.552193,900,250000000,False,,True,2025-04-04,Pending,"Wait.. . 900 years old? Vampires again? No. Look, if our security cameras can't see you, we don't lend to vampires. They're night owls, and our office closes at 5. Anyway: denied!"
2025-04-05T10:15:03.214651,900,250000000,False,,True,2025-04-04,Pending,"Wait.. . 900 years old? Are Vampires.. .Look, if our security cameras can't see you, we don't lend to vampires. They're night owls, and our office closes at 5. Anyway: denied!"
2025-04-05T10:15:27.355156,900,250000000,False,,True,2025-04-04,Pending,"Wait.. . 900 years old? Are Vampires.. .Look, if our security cameras can't see you, we don't lend to vampires. They're night owls, and our office closes at 5. Anyway: Denied!"
2025-04-05T10:15:51.025542,50,999999999,True,2025-04-05,True,,Loan Denied,- Loan Denied - Payment status unclear. Try again next time.
2025-04-05T10:17:46.307803,30,900000,True,2025-04-04,True,2025-04-04,Loan Denied,"- You're still on probation, buddy."
2025-04-05T10:24:09.105494,30,900000,True,2025-04-04,True,2025-04-04,Loan Denied,"- You're still on probation, buddy."
2025-04-05T10:24:40.542900,10,9000000000000000,False,,True,2025-04-04,Loan Denied,- 10 years old ? Do your parents know you're making financial decisions?
2025-04-05T10:30:17.947148,10,9000000000000000,False,,True,2025-04-04,Loan Denied,- 10 years old ? Do your parents know you're making financial decisions?
2025-04-05T10:30:46.346509,3000000000000000000000000000,999999999999999999999999,False,,True,2025-04-04,Pending,"Wait.. . 3000000000000000000000000000 years old? Are Vampires.. .Look, if our security cameras can't see you, we don't lend to vampires. They're night owls, and our office closes at 5. Anyway: Denied!"
2025-04-05T10:31:38.067257,10,10,False,,True,2025-04-04,Loan Denied,- 10 years old ? Do your parents know you're making financial decisions?
2025-04-05T11:26:49.848562,40,200000,False,,True,2025-04-04,Pending,- Late Fees Applied! Better late than never... but it'll cost you.
2025-04-05T11:27:21.420902,20,5000000,False,,True,2025-02-10,Loan Denied,- Too many late payments. No loan for you!
2025-04-05T11:28:21.946816,20,5000000,False,,True,2025-02-10,Loan Denied,- Too many late payments. No loan for you!
2025-04-05T11:28:38.205150,20,2000000000,False,,True,2025-04-04,Pending,- Late Fees Applied! Better late than never... but it'll cost you.
2025-04-05T11:29:11.326076,20,9000000,False,,True,2025-04-05,Pending,"- High risk, You're young and reckless, good luck!"
2025-04-05T11:29:43.483414,20,9000000,False,,True,2025-04-05,Pending,"- High risk, You're young and reckless, good luck!"
2025-04-05T11:29:53.538440,20,9000000,False,,True,2025-04-05,Pending,"- High risk, You're young and reckless, good luck!"
2025-04-05T11:30:03.817034,20,9000000,False,,True,2025-04-05,Pending,"- High risk, You're young and reckless, good luck!"
2025-04-05T11:30:14.810094,20,9000000,False,,True,2025-04-05,Pending,"- High risk, You're young and reckless, good luck!"
2025-04-05T11:30:32.943998,20,9000000,False,,True,2025-04-05,Pending,"- High risk, You're young and reckless, good luck!"
2025-04-05T11:30:48.897420,20,9000000,False,,True,2025-04-05,Pending,"- High risk, You're young and reckless, good luck!"
2025-04-05T11:30:55.714367,20,9000000,False,,True,2025-04-05,Pending,"- High risk, You're young and reckless, good luck!"
2025-04-05T11:31:09.865900,20,9000000,False,,True,2025-04-05,Pending,"- High risk, You're young and reckless, good luck!"
2025-04-05T11:31:17.708128,20,9000000,False,,True,2025-04-05,Pending,"- High risk, You're young and reckless, good luck!"
2025-04-05T11:31:31.268682,20,9000000,False,,True,2025-04-05,Pending,"- High risk, You're young and reckless, good luck!"
2025-04-05T11:31:39.252646,20,9000000,False,,True,2025-04-05,Pending,"- High risk, You're young and reckless, good luck!"
2025-04-05T11:31:57.806048,20,9000000,False,,True,2025-04-05,Pending,"- High risk, You're young and reckless, good luck!"
2025-04-05T11:32:04.409015,20,9000000,False,,True,2025-04-05,Pending,"- High risk, You're young and reckless, good luck!"
2025-04-05T11:32:20.772590,20,9000000,False,,True,2025-04-05,Pending,"- High risk, You're young and reckless, good luck!"
2025-04-05T11:32:29.208088,20,9000000,False,,True,2025-04-05,Pending,"- High risk, You're young and reckless, good luck!"
2025-04-05T11:32:43.643778,20,9000000,False,,True,2025-04-05,Pending,"- High risk, You're young and reckless, good luck!"
2025-04-05T11:33:21.011793,20,9000000,False,,True,2025-04-05,Pending,"- High risk, You're young and reckless, good luck!"
2025-04-05T11:33:46.488152,20,9000000,False,,True,2025-04-05,Pending,"- High risk, You're young and reckless, good luck!"
2025-04-05T11:34:01.357292,20,9000000,False,,True,2025-04-05,Pending,"- High risk, You're young and reckless, good luck!"
2025-04-05T11:34:22.403944,20,9000000,False,,True,2025-04-05,Pending,"- High risk, You're young and reckless, good luck!"
2025-04-05T11:34:52.325256,20,9000000,False,,True,2025-04-05,Pending,"- High risk, You're young and reckless, good luck!"
2025-04-05T11:35:03.259753,20,9000000,False,,True,2025-04-05,Pending,"- High risk, You're young and reckless, good luck!"
2025-04-05T11:35:16.327873,20,9000000,False,,True,2025-04-05,Pending,"- High risk, You're young and reckless, good luck!"
2025-04-05T11:35:33.137153,20,9000000,False,,True,2025-04-05,Pending,"- High risk, You're young and reckless, good luck!"
2025-04-05T11:36:24.433069,20,9000000,False,,True,2025-04-05,Pending,"- High risk, You're young and reckless, good luck!"
2025-04-05T11:36:34.517012,20,9000000,False,,True,2025-04-05,Pending,"- High risk, You're young and reckless, good luck!"
2025-04-05T11:36:44.663272,20,9000000,False,,True,2025-04-05,Pending,"- High risk, You're young and reckless, good luck!"
2025-04-05T11:36:55.357877,20,9000000,False,,True,2025-04-05,Pending,"- High risk, You're young and reckless, good luck!"
2025-04-05T11:37:11.218175,20,9000000,False,,True,2025-04-05,Pending,"- High risk, You're young and reckless, good luck!"
2025-04-05T11:37:19.358108,20,9000000,False,,True,2025-04-05,Pending,"- High risk, You're young and reckless, good luck!"
2025-04-05T11:39:08.685468,20,9000000,False,,True,2025-04-05,Pending,"- High risk, You're young and reckless, good luck!"
2025-04-05T11:39:33.475866,9847894894698698,326362873621783638729381,False,,True,2025-04-05,Pending,"Wait.. . 9847894894698698 years old? Are Vampires.. .Look, if our security cameras can't see you, we don't lend to vampires. They're night owls, and our office closes at 5. Anyway: Denied!"
2025-04-05T11:40:17.080060,9847894894698698,326362873621783638729381,False,,True,2025-04-05,Pending,"Wait.. . 9847894894698698 years old? Are you Vampires.. .Look, if our security cameras can't see you, we don't lend to vampires. They're night owls, and our office closes at 5. Anyway: Denied!"
2025-04-05T11:43:15.517847,9847894894698698,326362873621783638729381,False,,True,2025-04-05,Pending,"Wait.. . 9847894894698698 years old? Are you Vampire.. .Look, if our security cameras can't see you, we don't lend to vampires. They're night owls, and our office closes at 5. Anyway: Denied!"
2025-04-05T11:43:58.504500,9847894894698698,326362873621783638729381,False,,True,2025-04-05,Pending,"Wait.. . 9847894894698698 years old? Are you Vampire.. .Look, if our security cameras can't see you, we don't lend to vampires. They're night owls, and our office closes at 5. Anyway: Denied!"
2025-04-05T11:44:12.442451,9847894894698698,326362873621783638729381,False,,True,2025-04-05,Pending,"Wait.. . 9847894894698698 years old? Are you Vampire.. .Look, if our security cameras can't see you, we don't lend to vampires. They're night owls, and our office closes at 5. Anyway: Denied!"
2025-04-05T11:44:38.054582,9847894894698698,326362873621783638729381,False,,True,2025-04-05,Pending,"Wait.. . 9847894894698698 years old? Are you Vampire.. .Look, if our security cameras can't see you, we don't lend to vampires. They're night owls, and our office closes at 5. Anyway: Denied!"
2025-04-05T11:46:18.982599,9847894894698698,326362873621783638729381,False,,True,2025-04-05,Pending,"Wait.. . 9847894894698698 years old? Are you Vampire.. .Look, if our security cameras can't see you, we don't lend to vampires. They're night owls, and our office closes at 5. Anyway: Denied!"
2025-04-05T11:46:36.455302,9847894894698698,326362873621783638729381,False,,True,2025-04-05,Pending,"Wait.. . 9847894894698698 years old? Are you Vampire.. .Look, if our security cameras can't see you, we don't lend to vampires. They're night owls, and our office closes at 5. Anyway: Denied!"
2025-04-05T11:46:47.915118,9847894894698698,326362873621783638729381,False,,True,2025-04-05,Pending,"Wait.. . 9847894894698698 years old? Are you Vampire.. .Look, if our security cameras can't see you, we don't lend to vampires. They're night owls, and our office closes at 5. Anyway: Denied!"
2025-04-05T11:47:39.152806,9847894894698698,326362873621783638729381,False,,True,2025-04-05,Pending,"Wait.. . 9847894894698698 years old? Are you Vampire.. .Look, if our security cameras can't see you, we don't lend to vampires. They're night owls, and our office closes at 5. Anyway: Denied!"
2025-04-05T11:48:00.670299,9847894894698698,326362873621783638729381,False,,True,2025-04-05,Pending,"Wait.. . 9847894894698698 years old? Are you Vampire.. .Look, if our security cameras can't see you, we don't lend to vampires. They're night owls, and our office closes at 5. Anyway: Denied!"
2025-04-05T11:48:38.034636,9847894894698698,326362873621783638729381,False,,True,2025-04-05,Pending,"Wait.. . 9847894894698698 years old? Are you Vampire.. .Look, if our security cameras can't see you, we don't lend to vampires. They're night owls, and our office closes at 5. Anyway: Denied!"
2025-04-05T11:49:02.387214,9847894894698698,326362873621783638729381,False,,True,2025-04-05,Pending,"Wait.. . 9847894894698698 years old? Are you Vampire.. .Look, if our security cameras can't see you, we don't lend to vampires. They're night owls, and our office closes at 5. Anyway: Denied!"
2025-04-05T11:49:25.455929,9847894894698698,326362873621783638729381,False,,True,2025-04-05,Pending,"Wait.. . 9847894894698698 years old? Are you Vampire.. .Look, if our security cameras can't see you, we don't lend to vampires. They're night owls, and our office closes at 5. Anyway: Denied!"
2025-04-05T11:51:51.575880,9847894894698698,326362873621783638729381,False,,True,2025-04-05,Pending,"Wait.. . 9847894894698698 years old? Are you Vampire.. .Look, if our security cameras can't see you, we don't lend to vampires. They're night owls, and our office closes at 5. Anyway: Denied!"
2025-04-05T11:52:22.683190,9847894894698698,326362873621783638729381,False,,True,2025-04-05,Pending,"Wait.. . 9847894894698698 years old? Are you Vampire.. .Look, if our security cameras can't see you, we don't lend to vampires. They're night owls, and our office closes at 5. Anyway: Denied!"
2025-04-05T11:52:32.247611,9847894894698698,326362873621783638729381,False,,True,2025-04-05,Pending,"Wait.. . 9847894894698698 years old? Are you Vampire.. .Look, if our security cameras can't see you, we don't lend to vampires. They're night owls, and our office closes at 5. Anyway: Denied!"
2025-04-05T11:52:54.457771,9847894894698698,326362873621783638729381,False,,True,2025-04-05,Pending,"Wait.. . 9847894894698698 years old? Are you Vampire.. .Look, if our security cameras can't see you, we don't lend to vampires. They're night owls, and our office closes at 5. Anyway: Denied!"
2025-04-05T11:53:25.936229,9847894894698698,326362873621783638729381,False,,True,2025-04-05,Pending,"Wait.. . 9847894894698698 years old? Are you Vampire.. .Look, if our security cameras can't see you, we don't lend to vampires. They're night owls, and our office closes at 5. Anyway: Denied!"
2025-04-05T11:53:36.676054,9847894894698698,326362873621783638729381,False,,True,2025-04-05,Pending,"Wait.. . 9847894894698698 years old? Are you Vampire.. .Look, if our security cameras can't see you, we don't lend to vampires. They're night owls, and our office closes at 5. Anyway: Denied!"
2025-04-05T11:53:56.154044,9847894894698698,326362873621783638729381,False,,True,2025-04-05,Pending,"Wait.. . 9847894894698698 years old? Are you Vampire.. .Look, if our security cameras can't see you, we don't lend to vampires. They're night owls, and our office closes at 5. Anyway: Denied!"
2025-04-05T11:54:03.629310,9847894894698698,326362873621783638729381,False,,True,2025-04-05,Pending,"Wait.. . 9847894894698698 years old? Are you Vampire.. .Look, if our security cameras can't see you, we don't lend to vampires. They're night owls, and our office closes at 5. Anyway: Denied!"
2025-04-05T11:54:14.645872,9847894894698698,326362873621783638729381,False,,True,2025-04-05,Pending,"Wait.. . 9847894894698698 years old? Are you Vampire.. .Look, if our security cameras can't see you, we don't lend to vampires. They're night owls, and our office closes at 5. Anyway: Denied!"
2025-04-05T11:54:34.190239,9847894894698698,326362873621783638729381,False,,True,2025-04-05,Pending,"Wait.. . 9847894894698698 years old? Are you Vampire.. .Look, if our security cameras can't see you, we don't lend to vampires. They're night owls, and our office closes at 5. Anyway: Denied!"
2025-04-05T11:54:42.224379,9847894894698698,326362873621783638729381,False,,True,2025-04-05,Pending,"Wait.. . 9847894894698698 years old? Are you Vampire.. .Look, if our security cameras can't see you, we don't lend to vampires. They're night owls, and our office closes at 5. Anyway: Denied!"
2025-04-05T11:55:05.891891,9847894894698698,326362873621783638729381,False,,True,2025-04-05,Pending,"Wait.. . 9847894894698698 years old? Are you Vampire.. .Look, if our security cameras can't see you, we don't lend to vampires. They're night owls, and our office closes at 5. Anyway: Denied!"
2025-04-05T11:55:22.150553,9847894894698698,326362873621783638729381,False,,True,2025-04-05,Pending,"Wait.. . 9847894894698698 years old? Are you Vampire.. .Look, if our security cameras can't see you, we don't lend to vampires. They're night owls, and our office closes at 5. Anyway: Denied!"
2025-04-05T11:55:40.653908,9847894894698698,326362873621783638729381,False,,True,2025-04-05,Pending,"Wait.. . 9847894894698698 years old? Are you Vampire.. .Look, if our security cameras can't see you, we don't lend to vampires. They're night owls, and our office closes at 5. Anyway: Denied!"
2025-04-05T11:56:12.207880,9847894894698698,326362873621783638729381,False,,True,2025-04-05,Pending,"Wait.. . 9847894894698698 years old? Are you Vampire.. .Look, if our security cameras can't see you, we don't lend to vampires. They're night owls, and our office closes at 5. Anyway: Denied!"
2025-04-05T11:56:28.473725,9847894894698698,326362873621783638729381,False,,True,2025-04-05,Pending,"Wait.. . 9847894894698698 years old? Are you Vampire.. .Look, if our security cameras can't see you, we don't lend to vampires. They're night owls, and our office closes at 5. Anyway: Denied!"
2025-04-05T11:56:51.809097,9847894894698698,326362873621783638729381,False,,True,2025-04-05,Pending,"Wait.. . 9847894894698698 years old? Are you Vampire.. .Look, if our security cameras can't see you, we don't lend to vampires. They're night owls, and our office closes at 5. Anyway: Denied!"
2025-04-05T11:57:14.340499,9847894894698698,326362873621783638729381,False,,True,2025-04-05,Pending,"Wait.. . 9847894894698698 years old? Are you Vampire.. .Look, if our security cameras can't see you, we don't lend to vampires. They're night owls, and our office closes at 5. Anyway: Denied!"
2025-04-05T11:57:25.201823,9847894894698698,326362873621783638729381,False,,True,2025-04-05,Pending,"Wait.. . 9847894894698698 years old? Are you Vampire.. .Look, if our security cameras can't see you, we don't lend to vampires. They're night owls, and our office closes at 5. Anyway: Denied!"
2025-04-05T11:57:40.004519,9847894894698698,326362873621783638729381,False,,True,2025-04-05,Pending,"Wait.. . 9847894894698698 years old? Are you Vampire.. .Look, if our security cameras can't see you, we don't lend to vampires. They're night owls, and our office closes at 5. Anyway: Denied!"
2025-04-05T11:58:56.257956,9847894894698698,326362873621783638729381,False,,True,2025-04-05,Pending,"Wait.. . 9847894894698698 years old? Are you Vampire.. .Look, if our security cameras can't see you, we don't lend to vampires. They're night owls, and our office closes at 5. Anyway: Denied!"
2025-04-05T11:59:26.143653,9847894894698698,326362873621783638729381,False,,True,2025-04-05,Pending,"Wait.. . 9847894894698698 years old? Are you Vampire.. .Look, if our security cameras can't see you, we don't lend to vampires. They're night owls, and our office closes at 5. Anyway: Denied!"
2025-04-05T11:59:45.087182,9847894894698698,326362873621783638729381,False,,True,2025-04-05,Pending,"Wait.. . 9847894894698698 years old? Are you Vampire.. .Look, if our security cameras can't see you, we don't lend to vampires. They're night owls, and our office closes at 5. Anyway: Denied!"
2025-04-05T11:59:51.811381,9847894894698698,326362873621783638729381,False,,True,2025-04-05,Pending,"Wait.. . 9847894894698698 years old? Are you Vampire.. .Look, if our security cameras can't see you, we don't lend to vampires. They're night owls, and our office closes at 5. Anyway: Denied!"
2025-04-05T12:00:01.725886,9847894894698698,326362873621783638729381,False,,True,2025-04-05,Pending,"Wait.. . 9847894894698698 years old? Are you Vampire.. .Look, if our security cameras can't see you, we don't lend to vampires. They're night owls, and our office closes at 5. Anyway: Denied!"
2025-04-05T12:00:20.928089,9847894894698698,326362873621783638729381,False,,True,2025-04-05,Pending,"Wait.. . 9847894894698698 years old? Are you Vampire.. .Look, if our security cameras can't see you, we don't lend to vampires. They're night owls, and our office closes at 5. Anyway: Denied!"
2025-04-05T12:00:36.630835,9847894894698698,326362873621783638729381,False,,True,2025-04-05,Pending,"Wait.. . 9847894894698698 years old? Are you Vampire.. .Look, if our security cameras can't see you, we don't lend to vampires. They're night owls, and our office closes at 5. Anyway: Denied!"
2025-04-05T12:00:44.657337,9847894894698698,326362873621783638729381,False,,True,2025-04-05,Pending,"Wait.. . 9847894894698698 years old? Are you Vampire.. .Look, if our security cameras can't see you, we don't lend to vampires. They're night owls, and our office closes at 5. Anyway: Denied!"
2025-04-05T12:00:58.287247,9847894894698698,326362873621783638729381,False,,True,2025-04-05,Pending,"Wait.. . 9847894894698698 years old? Are you Vampire.. .Look, if our security cameras can't see you, we don't lend to vampires. They're night owls, and our office closes at 5. Anyway: Denied!"
2025-04-05T12:01:06.549131,9847894894698698,326362873621783638729381,False,,True,2025-04-05,Pending,"Wait.. . 9847894894698698 years old? Are you Vampire.. .Look, if our security cameras can't see you, we don't lend to vampires. They're night owls, and our office closes at 5. Anyway: Denied!"
2025-04-05T12:02:50.099246,9847894894698698,326362873621783638729381,False,,True,2025-04-05,Pending,"Wait.. . 9847894894698698 years old? Are you Vampire.. .Look, if our security cameras can't see you, we don't lend to vampires. They're night owls, and our office closes at 5. Anyway: Denied!"
2025-04-05T12:03:25.405049,9847894894698698,326362873621783638729381,False,,True,2025-04-05,Pending,"Wait.. . 9847894894698698 years old? Are you Vampire.. .Look, if our security cameras can't see you, we don't lend to vampires. They're night owls, and our office closes at 5. Anyway: Denied!"
2025-04-05T12:03:34.956912,9847894894698698,326362873621783638729381,False,,True,2025-04-05,Pending,"Wait.. . 9847894894698698 years old? Are you Vampire.. .Look, if our security cameras can't see you, we don't lend to vampires. They're night owls, and our office closes at 5. Anyway: Denied!"
2025-04-05T12:06:49.070189,9847894894698698,326362873621783638729381,False,,True,2025-04-05,Pending,"Wait.. . 9847894894698698 years old? Are you Vampire.. .Look, if our security cameras can't see you, we don't lend to vampires. They're night owls, and our office closes at 5. Anyway: Denied!"
2025-04-05T12:07:02.185354,9847894894698698,326362873621783638729381,False,,True,2025-04-05,Pending,"Wait.. . 9847894894698698 years old? Are you Vampire.. .Look, if our security cameras can't see you, we don't lend to vampires. They're night owls, and our office closes at 5. Anyway: Denied!"
2025-04-05T12:07:19.253776,9847894894698698,326362873621783638729381,False,,True,2025-04-05,Pending,"Wait.. . 9847894894698698 years old? Are you Vampire.. .Look, if our security cameras can't see you, we don't lend to vampires. They're night owls, and our office closes at 5. Anyway: Denied!"
2025-04-05T12:07:28.558583,9847894894698698,326362873621783638729381,False,,True,2025-04-05,Pending,"Wait.. . 9847894894698698 years old? Are you Vampire.. .Look, if our security cameras can't see you, we don't lend to vampires. They're night owls, and our office closes at 5. Anyway: Denied!"
2025-04-05T12:07:36.545164,9847894894698698,326362873621783638729381,False,,True,2025-04-05,Pending,"Wait.. . 9847894894698698 years old? Are you Vampire.. .Look, if our security cameras can't see you, we don't lend to vampires. They're night owls, and our office closes at 5. Anyway: Denied!"
2025-04-05T12:07:48.190241,9847894894698698,326362873621783638729381,False,,True,2025-04-05,Pending,"Wait.. . 9847894894698698 years old? Are you Vampire.. .Look, if our security cameras can't see you, we don't lend to vampires. They're night owls, and our office closes at 5. Anyway: Denied!"
2025-04-05T12:07:54.453803,9847894894698698,326362873621783638729381,False,,True,2025-04-05,Pending,"Wait.. . 9847894894698698 years old? Are you Vampire.. .Look, if our security cameras can't see you, we don't lend to vampires. They're night owls, and our office closes at 5. Anyway: Denied!"
2025-04-05T12:08:33.367885,9847894894698698,326362873621783638729381,False,,True,2025-04-05,Pending,"Wait.. . 9847894894698698 years old? Are you Vampire.. .Look, if our security cameras can't see you, we don't lend to vampires. They're night owls, and our office closes at 5. Anyway: Denied!"
2025-04-05T12:09:19.067913,9847894894698698,326362873621783638729381,False,,True,2025-04-05,Pending,"Wait.. . 9847894894698698 years old? Are you Vampire.. .Look, if our security cameras can't see you, we don't lend to vampires. They're night owls, and our office closes at 5. Anyway: Denied!"
2025-04-05T12:09:35.564171,9847894894698698,326362873621783638729381,False,,True,2025-04-05,Pending,"Wait.. . 9847894894698698 years old? Are you Vampire.. .Look, if our security cameras can't see you, we don't lend to vampires. They're night owls, and our office closes at 5. Anyway: Denied!"
2025-04-05T12:09:49.117119,9847894894698698,326362873621783638729381,False,,True,2025-04-05,Pending,"Wait.. . 9847894894698698 years old? Are you Vampire.. .Look, if our security cameras can't see you, we don't lend to vampires. They're night owls, and our office closes at 5. Anyway: Denied!"
2025-04-05T12:10:00.416171,9847894894698698,326362873621783638729381,False,,True,2025-04-05,Pending,"Wait.. . 9847894894698698 years old? Are you Vampire.. .Look, if our security cameras can't see you, we don't lend to vampires. They're night owls, and our office closes at 5. Anyway: Denied!"
2025-04-05T12:10:21.135157,9847894894698698,326362873621783638729381,False,,True,2025-04-05,Pending,"Wait.. . 9847894894698698 years old? Are you Vampire.. .Look, if our security cameras can't see you, we don't lend to vampires. They're night owls, and our office closes at 5. Anyway: Denied!"
2025-04-05T12:10:37.935433,9847894894698698,326362873621783638729381,False,,True,2025-04-05,Pending,"Wait.. . 9847894894698698 years old? Are you Vampire.. .Look, if our security cameras can't see you, we don't lend to vampires. They're night owls, and our office closes at 5. Anyway: Denied!"
2025-04-05T12:10:52.320328,9847894894698698,326362873621783638729381,False,,True,2025-04-05,Pending,"Wait.. . 9847894894698698 years old? Are you Vampire.. .Look, if our security cameras can't see you, we don't lend to vampires. They're night owls, and our office closes at 5. Anyway: Denied!"
2025-04-05T12:11:11.411466,9847894894698698,326362873621783638729381,False,,True,2025-04-05,Pending,"Wait.. . 9847894894698698 years old? Are you Vampire.. .Look, if our security cameras can't see you, we don't lend to vampires. They're night owls, and our office closes at 5. Anyway: Denied!"
2025-04-05T12:11:30.100252,9847894894698698,326362873621783638729381,False,,True,2025-04-05,Pending,"Wait.. . 9847894894698698 years old? Are you Vampire.. .Look, if our security cameras can't see you, we don't lend to vampires. They're night owls, and our office closes at 5. Anyway: Denied!"
2025-04-05T12:12:06.939592,9847894894698698,326362873621783638729381,False,,True,2025-04-05,Pending,"Wait.. . 9847894894698698 years old? Are you Vampire.. .Look, if our security cameras can't see you, we don't lend to vampires. They're night owls, and our office closes at 5. Anyway: Denied!"
2025-04-05T12:12:24.140175,9847894894698698,326362873621783638729381,False,,True,2025-04-05,Pending,"Wait.. . 9847894894698698 years old? Are you Vampire.. .Look, if our security cameras can't see you, we don't lend to vampires. They're night owls, and our office closes at 5. Anyway: Denied!"
2025-04-05T12:12:32.036823,9847894894698698,326362873621783638729381,False,,True,2025-04-05,Pending,"Wait.. . 9847894894698698 years old? Are you Vampire.. .Look, if our security cameras can't see you, we don't lend to vampires. They're night owls, and our office closes at 5. Anyway: Denied!"
2025-04-05T12:12:39.066021,9847894894698698,326362873621783638729381,False,,True,2025-04-05,Pending,"Wait.. . 9847894894698698 years old? Are you Vampire.. .Look, if our security cameras can't see you, we don't lend to vampires. They're night owls, and our office closes at 5. Anyway: Denied!"
2025-04-05T12:12:44.742344,9847894894698698,326362873621783638729381,False,,True,2025-04-05,Pending,"Wait.. . 9847894894698698 years old? Are you Vampire.. .Look, if our security cameras can't see you, we don't lend to vampires. They're night owls, and our office closes at 5. Anyway: Denied!"
2025-04-05T12:12:50.473158,9847894894698698,326362873621783638729381,False,,True,2025-04-05,Pending,"Wait.. . 9847894894698698 years old? Are you Vampire.. .Look, if our security cameras can't see you, we don't lend to vampires. They're night owls, and our office closes at 5. Anyway: Denied!"
2025-04-05T12:12:57.006622,9847894894698698,326362873621783638729381,False,,True,2025-04-05,Pending,"Wait.. . 9847894894698698 years old? Are you Vampire.. .Look, if our security cameras can't see you, we don't lend to vampires. They're night owls, and our office closes at 5. Anyway: Denied!"
2025-04-05T12:13:07.924557,9847894894698698,326362873621783638729381,False,,True,2025-04-05,Pending,"Wait.. . 9847894894698698 years old? Are you Vampire.. .Look, if our security cameras can't see you, we don't lend to vampires. They're night owls, and our office closes at 5. Anyway: Denied!"
2025-04-05T12:13:15.873968,9847894894698698,326362873621783638729381,False,,True,2025-04-05,Pending,"Wait.. . 9847894894698698 years old? Are you Vampire.. .Look, if our security cameras can't see you, we don't lend to vampires. They're night owls, and our office closes at 5. Anyway: Denied!"
2025-04-05T12:13:22.716332,9847894894698698,326362873621783638729381,False,,True,2025-04-05,Pending,"Wait.. . 9847894894698698 years old? Are you Vampire.. .Look, if our security cameras can't see you, we don't lend to vampires. They're night owls, and our office closes at 5. Anyway: Denied!"
2025-04-05T12:14:03.223369,9847894894698698,326362873621783638729381,False,,True,2025-04-05,Pending,"Wait.. . 9847894894698698 years old? Are you Vampire.. .Look, if our security cameras can't see you, we don't lend to vampires. They're night owls, and our office closes at 5. Anyway: Denied!"
2025-04-05T12:14:27.576988,9847894894698698,326362873621783638729381,False,,True,2025-04-05,Pending,"Wait.. . 9847894894698698 years old? Are you Vampire.. .Look, if our security cameras can't see you, we don't lend to vampires. They're night owls, and our office closes at 5. Anyway: Denied!"
2025-04-05T12:15:18.393795,9847894894698698,326362873621783638729381,False,,True,2025-04-05,Pending,"Wait.. . 9847894894698698 years old? Are you Vampire.. .Look, if our security cameras can't see you, we don't lend to vampires. They're night owls, and our office closes at 5. Anyway: Denied!"
2025-04-05T12:15:41.410863,9847894894698698,326362873621783638729381,False,,True,2025-04-05,Pending,"Wait.. . 9847894894698698 years old? Are you Vampire.. .Look, if our security cameras can't see you, we don't lend to vampires. They're night owls, and our office closes at 5. Anyway: Denied!"
2025-04-05T12:15:58.415447,9847894894698698,326362873621783638729381,False,,True,2025-04-05,Pending,"Wait.. . 9847894894698698 years old? Are you Vampire.. .Look, if our security cameras can't see you, we don't lend to vampires. They're night owls, and our office closes at 5. Anyway: Denied!"
2025-04-05T12:16:09.077733,9847894894698698,326362873621783638729381,False,,True,2025-04-05,Pending,"Wait.. . 9847894894698698 years old? Are you Vampire.. .Look, if our security cameras can't see you, we don't lend to vampires. They're night owls, and our office closes at 5. Anyway: Denied!"
2025-04-05T12:16:17.013807,9847894894698698,326362873621783638729381,False,,True,2025-04-05,Pending,"Wait.. . 9847894894698698 years old? Are you Vampire.. .Look, if our security cameras can't see you, we don't lend to vampires. They're night owls, and our office closes at 5. Anyway: Denied!"
2025-04-05T12:16:47.694804,9847894894698698,326362873621783638729381,False,,True,2025-04-05,Pending,"Wait.. . 9847894894698698 years old? Are you Vampire.. .Look, if our security cameras can't see you, we don't lend to vampires. They're night owls, and our office closes at 5. Anyway: Denied!"
2025-04-05T12:17:10.327127,9847894894698698,326362873621783638729381,False,,True,2025-04-05,Pending,"Wait.. . 9847894894698698 years old? Are you Vampire.. .Look, if our security cameras can't see you, we don't lend to vampires. They're night owls, and our office closes at 5. Anyway: Denied!"
2025-04-05T12:17:48.272906,9847894894698698,326362873621783638729381,False,,True,2025-04-05,Pending,"Wait.. . 9847894894698698 years old? Are you Vampire.. .Look, if our security cameras can't see you, we don't lend to vampires. They're night owls, and our office closes at 5. Anyway: Denied!"
2025-04-05T12:18:07.811208,9847894894698698,326362873621783638729381,False,,True,2025-04-05,Pending,"Wait.. . 9847894894698698 years old? Are you Vampire.. .Look, if our security cameras can't see you, we don't lend to vampires. They're night owls, and our office closes at 5. Anyway: Denied!"
2025-04-05T12:18:31.561312,9847894894698698,326362873621783638729381,False,,True,2025-04-05,Pending,"Wait.. . 9847894894698698 years old? Are you Vampire.. .Look, if our security cameras can't see you, we don't lend to vampires. They're night owls, and our office closes at 5. Anyway: Denied!"
2025-04-05T12:18:37.688979,9847894894698698,326362873621783638729381,False,,True,2025-04-05,Pending,"Wait.. . 9847894894698698 years old? Are you Vampire.. .Look, if our security cameras can't see you, we don't lend to vampires. They're night owls, and our office closes at 5. Anyway: Denied!"
2025-04-05T12:18:52.754668,9847894894698698,326362873621783638729381,False,,True,2025-04-05,Pending,"Wait.. . 9847894894698698 years old? Are you Vampire.. .Look, if our security cameras can't see you, we don't lend to vampires. They're night owls, and our office closes at 5. Anyway: Denied!"
2025-04-05T12:19:00.017319,9847894894698698,326362873621783638729381,False,,True,2025-04-05,Pending,"Wait.. . 9847894894698698 years old? Are you Vampire.. .Look, if our security cameras can't see you, we don't lend to vampires. They're night owls, and our office closes at 5. Anyway: Denied!"
2025-04-05T12:19:06.423990,9847894894698698,326362873621783638729381,False,,True,2025-04-05,Pending,"Wait.. . 9847894894698698 years old? Are you Vampire.. .Look, if our security cameras can't see you, we don't lend to vampires. They're night owls, and our office closes at 5. Anyway: Denied!"
2025-04-05T12:19:15.693890,9847894894698698,326362873621783638729381,False,,True,2025-04-05,Pending,"Wait.. . 9847894894698698 years old? Are you Vampire.. .Look, if our security cameras can't see you, we don't lend to vampires. They're night owls, and our office closes at 5. Anyway: Denied!"
2025-04-05T12:19:26.543448,9847894894698698,326362873621783638729381,False,,True,2025-04-05,Pending,"Wait.. . 9847894894698698 years old? Are you Vampire.. .Look, if our security cameras can't see you, we don't lend to vampires. They're night owls, and our office closes at 5. Anyway: Denied!"
2025-04-05T12:19:39.136542,9847894894698698,326362873621783638729381,False,,True,2025-04-05,Pending,"Wait.. . 9847894894698698 years old? Are you Vampire.. .Look, if our security cameras can't see you, we don't lend to vampires. They're night owls, and our office closes at 5. Anyway: Denied!"
2025-04-05T12:19:55.478536,9847894894698698,326362873621783638729381,False,,True,2025-04-05,Pending,"Wait.. . 9847894894698698 years old? Are you Vampire.. .Look, if our security cameras can't see you, we don't lend to vampires. They're night owls, and our office closes at 5. Anyway: Denied!"
2025-04-05T12:20:03.451057,9847894894698698,326362873621783638729381,False,,True,2025-04-05,Pending,"Wait.. . 9847894894698698 years old? Are you Vampire.. .Look, if our security cameras can't see you, we don't lend to vampires. They're night owls, and our office closes at 5. Anyway: Denied!"
2025-04-05T12:20:19.690308,9847894894698698,326362873621783638729381,False,,True,2025-04-05,Pending,"Wait.. . 9847894894698698 years old? Are you Vampire.. .Look, if our security cameras can't see you, we don't lend to vampires. They're night owls, and our office closes at 5. Anyway: Denied!"
2025-04-05T12:20:46.824584,9847894894698698,326362873621783638729381,False,,True,2025-04-05,Pending,"Wait.. . 9847894894698698 years old? Are you Vampire.. .Look, if our security cameras can't see you, we don't lend to vampires. They're night owls, and our office closes at 5. Anyway: Denied!"
2025-04-05T12:20:57.129037,9847894894698698,326362873621783638729381,False,,True,2025-04-05,Pending,"Wait.. . 9847894894698698 years old? Are you Vampire.. .Look, if our security cameras can't see you, we don't lend to vampires. They're night owls, and our office closes at 5. Anyway: Denied!"
2025-04-05T12:21:16.927153,9847894894698698,326362873621783638729381,False,,True,2025-04-05,Pending,"Wait.. . 9847894894698698 years old? Are you Vampire.. .Look, if our security cameras can't see you, we don't lend to vampires. They're night owls, and our office closes at 5. Anyway: Denied!"
2025-04-05T12:21:25.671123,9847894894698698,326362873621783638729381,False,,True,2025-04-05,Pending,"Wait.. . 9847894894698698 years old? Are you Vampire.. .Look, if our security cameras can't see you, we don't lend to vampires. They're night owls, and our office closes at 5. Anyway: Denied!"
2025-04-05T12:22:40.589576,30,10000000,False,,True,2025-04-05,Pending,"- You're still young, but maybe a little more responsible."
2025-04-05T12:23:43.304118,30,10000000,False,,True,2025-04-05,Pending,"- You're still young, but maybe a little more responsible."
2025-04-05T12:24:11.522490,34,12345678909876543456789,False,,True,2025-01-31,Loan Denied,- 64 days late? Are you sending the money by pigeon?
2025-04-05T12:25:31.161138,34,12345678909876543456789,False,,True,2025-01-31,Loan Denied,- 64 days late? Are you sending the money by pigeon?
2025-04-05T12:26:59.002787,40,50000,False,,True,2025-12-31,Approved," You probably have a yacht, but we're still not impressed."
2025-04-05T12:28:59.283957,30,10000,False,,True,2024-12-19,Loan Denied,- 107 days late? Are you sending the money by pigeon?
2025-04-05T12:32:13.000861,30,10000,False,,True,2024-12-19,Loan Denied,- 107 days late? Are you sending the money by pigeon?
2025-04-05T12:32:20.983165,30,10000,False,,True,2024-12-19,Loan Denied,- 107 days late? Are you sending the money by pigeon?
2025-04-05T12:32:24.217908,30,10000,False,,True,2024-12-19,Loan Denied,- 107 days late? Are you sending the money by pigeon?
2025-04-05T12:32:42.122493,30,10000,False,,True,2024-12-19,Loan Denied,- 107 days late? Are you sending the money by pigeon?
2025-04-05T12:32:52.597332,30,10000,False,,True,2024-12-19,Loan Denied,- 107 days late? Are you sending the money by pigeon?
2025-04-05T12:33:02.726659,30,10000,False,,True,2024-12-19,Loan Denied,- 107 days late? Are you sending the money by pigeon?
2025-04-05T12:33:24.866754,30,10000,False,,True,2024-12-19,Loan Denied,- 107 days late? Are you sending the money by pigeon?
2025-04-05T12:33:43.063464,30,10000,False,,True,2024-12-19,Loan Denied,- 107 days late? Are you sending the money by pigeon?
2025-04-05T12:34:06.441516,30,10000,False,,True,2024-12-19,Loan Denied,- 107 days late? Are you sending the money by pigeon?
2025-04-05T12:34:19.986719,30,10000,False,,True,2024-12-19,Loan Denied,- 107 days late? Are you sending the money by pigeon?
2025-04-05T12:34:32.219156,30,10000,False,,True,2024-12-19,Loan Denied,- 107 days late? Are you sending the money by pigeon?
2025-04-05T12:34:37.542857,30,10000,False,,True,2024-12-19,Loan Denied,- 107 days late? Are you sending the money by pigeon?
2025-04-05T12:34:48.037784,30,10000,False,,True,2024-12-19,Loan Denied,- 107 days late? Are you sending the money by pigeon?
2025-04-05T12:34:59.107509,30,10000,False,,True,2024-12-19,Loan Denied,- 107 days late? Are you sending the money by pigeon?
2025-04-05T12:35:06.677153,30,10000,False,,True,2024-12-19,Loan Denied,- 107 days late? Are you sending the money by pigeon?
2025-04-05T12:35:19.091171,30,10000,False,,True,2024-12-19,Loan Denied,- 107 days late? Are you sending the money by pigeon?
2025-04-05T12:35:25.702137,30,10000,False,,True,2024-12-19,Loan Denied,- 107 days late? Are you sending the money by pigeon?
2025-04-05T12:35:33.546757,30,10000,False,,True,2024-12-19,Loan Denied,- 107 days late? Are you sending the money by pigeon?
2025-04-05T12:36:06.638962,30,10000,False,,True,2024-12-19,Loan Denied,- 107 days late? Are you sending the money by pigeon?
2025-04-05T12:36:10.636025,30,10000,False,,True,2024-12-19,Loan Denied,- 107 days late? Are you sending the money by pigeon?
2025-04-05T12:48:59.335596,20,10,False,,True,2025-03-21,Loan Denied," This isn't a charity, buddy."
2025-04-05T12:49:47.411833,35,1234567,True,1999-09-09,False,,Loan Denied, You can't get a loan if you don't pay your debts.
2025-04-05T13:04:57.223116,50,9999,False,,True,9999-09-09,Approved,"with 50 You've seen some things, you know the drill."
2025-04-05T13:06:21.009450,50,99999,False,,True,9999-09-09,Approved,"with 50 years old You've seen some things, you know the drill."
2025-04-05T13:08:32.097035,30,3000000,False,,True,,Loan Denied, Loan Denied - Payment status unclear. Try again next time.
